{"accuracy": [0.2652754485607147, 0.5036727786064148, 0.6059265732765198, 0.6709516048431396, 0.7187812924385071, 0.7635225653648376, 0.7991652488708496, 0.8277963399887085, 0.8500000238418579, 0.8740400671958923, 0.8888146877288818, 0.9023372530937195, 0.9156928062438965, 0.931218683719635, 0.9368948340415955, 0.939399003982544, 0.9550918340682983, 0.9568447470664978, 0.9528380632400513, 0.9650250673294067, 0.9630216956138611, 0.9721202254295349, 0.9728714227676392, 0.9692821502685547, 0.9776293635368347, 0.9759599566459656, 0.976961612701416, 0.9797161817550659, 0.9796327352523804, 0.9842237234115601], "loss": [1.9805988073349, 1.4119445085525513, 1.1420353651046753, 0.9603363871574402, 0.83445805311203, 0.7065153121948242, 0.6001606583595276, 0.5083286762237549, 0.4430251121520996, 0.37406033277511597, 0.32532089948654175, 0.2826451361179352, 0.2531408667564392, 0.20874832570552826, 0.18724693357944489, 0.17281591892242432, 0.1357460618019104, 0.12604938447475433, 0.14077973365783691, 0.10281134396791458, 0.10929650068283081, 0.08424200862646103, 0.0799311175942421, 0.08905089646577835, 0.0645299106836319, 0.07410038262605667, 0.0704820454120636, 0.06203971058130264, 0.06028060242533684, 0.04998528212308884], "val_accuracy": [0.4300500750541687, 0.5686143636703491, 0.6404006481170654, 0.6784641146659851, 0.749248743057251, 0.7789649367332458, 0.7913188934326172, 0.7973288893699646, 0.818030059337616, 0.8203672766685486, 0.8494157195091248, 0.868781328201294, 0.8303839564323425, 0.8714523911476135, 0.8818029761314392, 0.8697829842567444, 0.8818029761314392, 0.8831385374069214, 0.8908180594444275, 0.8764607906341553, 0.9065108299255371, 0.904841423034668, 0.9145241975784302, 0.8918197154998779, 0.8941569328308105, 0.904841423034668, 0.9168614149093628, 0.9165275692939758, 0.9212020039558411, 0.9075125455856323], "val_loss": [1.5984954833984375, 1.2543104887008667, 1.01325523853302, 0.9263591170310974, 0.761999249458313, 0.6514825224876404, 0.6270405054092407, 0.5955096483230591, 0.5318104028701782, 0.5575252771377563, 0.4771634638309479, 0.4017730951309204, 0.5672506093978882, 0.4324524402618408, 0.38586172461509705, 0.45903363823890686, 0.39383643865585327, 0.46803268790245056, 0.3689848780632019, 0.44553688168525696, 0.3481728136539459, 0.3630901873111725, 0.3209199011325836, 0.4234282076358795, 0.37915804982185364, 0.4011359214782715, 0.33779171109199524, 0.3465474545955658, 0.43547239899635315, 0.38244110345840454]}