{"accuracy": [0.9777963161468506, 0.9757094979286194, 0.9898998141288757, 0.9862270355224609, 0.9844741225242615, 0.9813856482505798, 0.988480806350708, 0.9876461029052734, 0.9874791502952576, 0.9887312054634094, 0.9886477589607239, 0.9860600829124451, 0.9879799485206604, 0.9922370910644531, 0.9904841184616089, 0.9856427311897278, 0.9887312054634094, 0.9888147115707397, 0.9895659685134888, 0.9924039840698242, 0.9867278933525085, 0.9953255653381348, 0.9871452450752258, 0.9962437152862549, 0.9872286915779114, 0.990317165851593, 0.9916527271270752, 0.9889816641807556, 0.9875625967979431, 0.9954090118408203], "loss": [0.06912504881620407, 0.0714525431394577, 0.03321791812777519, 0.041974928230047226, 0.049853842705488205, 0.05200282856822014, 0.03609273582696915, 0.03837324306368828, 0.03953427076339722, 0.03546301648020744, 0.030374087393283844, 0.045597419142723083, 0.03898319602012634, 0.024448029696941376, 0.030090579763054848, 0.045689452439546585, 0.03410939499735832, 0.031049543991684914, 0.032593730837106705, 0.022691186517477036, 0.039979852735996246, 0.013873841613531113, 0.03714733570814133, 0.01064851600676775, 0.03885119408369064, 0.026357190683484077, 0.02588462270796299, 0.0334869883954525, 0.03869185596704483, 0.013610362075269222], "val_accuracy": [0.8878130316734314, 0.8948246836662292, 0.8978297114372253, 0.9105175137519836, 0.8764607906341553, 0.9195325374603271, 0.9198664426803589, 0.9071786403656006, 0.9025041460990906, 0.9111853241920471, 0.913188636302948, 0.9111853241920471, 0.900166928768158, 0.9145241975784302, 0.9011685848236084, 0.922871470451355, 0.9078463912010193, 0.9021703004837036, 0.9198664426803589, 0.9108514189720154, 0.9138564467430115, 0.9288814663887024, 0.9265442490577698, 0.9268781542778015, 0.9148581027984619, 0.9198664426803589, 0.9255425930023193, 0.9141902923583984, 0.9275459051132202, 0.9252086877822876], "val_loss": [0.4463563859462738, 0.39976006746292114, 0.43024659156799316, 0.3861671984195709, 0.6252223253250122, 0.3252033293247223, 0.3679646849632263, 0.40196922421455383, 0.41409653425216675, 0.3757226765155792, 0.37528008222579956, 0.3607410192489624, 0.43968749046325684, 0.4081098437309265, 0.48111313581466675, 0.36014431715011597, 0.4256981313228607, 0.4984585642814636, 0.3619466722011566, 0.47132834792137146, 0.40201112627983093, 0.3401825428009033, 0.31802302598953247, 0.38692784309387207, 0.42597734928131104, 0.394754022359848, 0.3379066288471222, 0.394625723361969, 0.3565514385700226, 0.3359122574329376]}